name,sequence,true_mechanism,predicted_mechanism,probability_translocation,correct,length,charge,hydrophobicity,basic_ratio,hydrophobic_ratio
TAT(48-60),GRKKRRQRRRPPQ,Endocytosis,Endocytosis,0.0008990233084512982,True,13,8.0,-3.492307692307693,0.6153846153846154,0.0
TAT(49-57),RKKRRQRRR,Endocytosis,Endocytosis,0.0006308391377800125,True,9,8.0,-4.2555555555555555,0.8888888888888888,0.0
TAT-HA2,RRRQRRKKRGLFGAIAGFIENGWEGMIDG,Endocytosis,Translocation,0.8877077613979649,False,29,5.0,-0.9379310344827585,0.27586206896551724,0.3103448275862069
Penetratin,RQIKIWFQNRRMKWKK,Endocytosis,Endocytosis,0.04738286744735075,True,16,7.0,-1.73125,0.4375,0.25
Penetratin-Arg,RQIRIWFQNRRMRWRR,Endocytosis,Endocytosis,0.04229555088241144,True,16,7.0,-1.88125,0.4375,0.25
R8,RRRRRRRR,Endocytosis,Endocytosis,0.0028612833682050264,True,8,8.0,-4.5,1.0,0.0
R9,RRRRRRRRR,Endocytosis,Endocytosis,0.002794396251296637,True,9,9.0,-4.5,1.0,0.0
R10,RRRRRRRRRR,Endocytosis,Endocytosis,0.002764424740979784,True,10,10.0,-4.5,1.0,0.0
R12,RRRRRRRRRRRR,Endocytosis,Endocytosis,0.0017671272139821823,True,12,12.0,-4.5,1.0,0.0
Transportan,GWTLNSAGYLLGKINLKALAALAKKIL,Endocytosis,Translocation,0.6645356530679275,False,27,4.0,0.6333333333333333,0.14814814814814814,0.5185185185185185
TP10,AGYLLGKINLKALAALAKKIL,Endocytosis,Endocytosis,0.04600586194599429,True,21,4.0,0.9333333333333333,0.19047619047619047,0.6190476190476191
pVEC,LLIILRRRIRKQAHAHSK,Endocytosis,Translocation,0.9976721676937209,False,18,6.199999999999999,-0.44444444444444436,0.3333333333333333,0.4444444444444444
MAP,KLALKLALKALKAALKLA,Endocytosis,Translocation,0.9930527303859714,False,18,5.0,0.9944444444444446,0.2777777777777778,0.7222222222222222
SynB1,RGGRLSYSRRRFSTSTGR,Endocytosis,Endocytosis,0.07302945744583618,True,18,6.0,-1.5277777777777777,0.3333333333333333,0.1111111111111111
SynB3,RRLSYSRRRF,Endocytosis,Endocytosis,0.005695775393098375,True,10,5.0,-1.8800000000000001,0.5,0.2
VP22,DAATATRGRSAASRPTERPRAPARSASRPRRPVE,Endocytosis,Translocation,0.686678624816,False,34,6.0,-1.3558823529411763,0.2647058823529412,0.2647058823529412
hCT(9-32),LGTYTQDFNKFHTFPQTAIGVGAP,Endocytosis,Translocation,0.937217664920423,False,24,0.1,-0.21250000000000002,0.041666666666666664,0.3333333333333333
SAP,VRLPPPVRLPPPVRLPPP,Endocytosis,Endocytosis,0.041357235808662234,True,18,3.0,-0.21666666666666665,0.16666666666666666,0.3333333333333333
SAP(E),VELPPPVELPPPVELPPP,Endocytosis,Endocytosis,0.09530014787307083,True,18,-3.0,-0.04999999999999997,0.0,0.3333333333333333
polyArg,RRRRRRR,Endocytosis,Endocytosis,0.0030089281350747393,True,7,7.0,-4.5,1.0,0.0
M918,MVTVLFRRLRIRRACGPPRVRV,Endocytosis,Translocation,0.7667907313543992,False,22,7.0,0.09545454545454533,0.3181818181818182,0.5
CADY,GLWRALWRLLRSLWRLLWRA,Endocytosis,Endocytosis,0.07022488241600307,True,20,5.0,0.14499999999999996,0.25,0.45
MPG,GALFLGFLGAAGSTMGAWSQPKKKRKV,Endocytosis,Endocytosis,0.0032267864236043475,True,27,5.0,-0.0037037037037037234,0.18518518518518517,0.4074074074074074
Pep-1,KETWWETWWTEWSQPKKKRKV,Endocytosis,Translocation,0.9329250590186607,False,21,3.0,-2.0380952380952375,0.2857142857142857,0.047619047619047616
Buforin II,TRSSRAGLQFPVGRVHRLLRK,Endocytosis,Endocytosis,0.39885561657301133,True,21,6.1,-0.6380952380952382,0.2857142857142857,0.3333333333333333
PreS2,PLSSIFSRIGDP,Endocytosis,Translocation,0.9958723316703552,False,12,0.0,0.13333333333333328,0.08333333333333333,0.3333333333333333
pISL,RVIRVWFQNKRCKDKK,Endocytosis,Translocation,0.8980408740394391,False,16,6.0,-1.3937499999999998,0.4375,0.3125
VT5,DPKGDPKGVTVTVTVTVTGKGDPKPD,Endocytosis,Endocytosis,0.19930336925510356,True,26,0.0,-0.7730769230769231,0.15384615384615385,0.19230769230769232
GALA,WEAALAEALAEALAEHLAEALAEALEALAA,Translocation,Translocation,0.974367336511779,True,30,-6.9,0.7733333333333333,0.0,0.7
KALA,WEAKLAKALAKALAKHLAKALAKALKACEA,Translocation,Endocytosis,0.19845697739871956,False,30,5.1,0.2833333333333332,0.23333333333333334,0.6333333333333333
EALA,AALAEALAEALAEALAEALAEALAEALAEA,Translocation,Translocation,0.927460081414255,True,30,-7.0,1.0299999999999998,0.0,0.7666666666666667
JTS-1,GLFEALLELLESLWELLLEA,Translocation,Translocation,0.9997829624714936,True,20,-5.0,1.05,0.0,0.6
HELP,KLLKLLLKLWLKLLKLLL,Translocation,Translocation,0.9700876858441332,True,18,5.0,1.4000000000000001,0.2777777777777778,0.6666666666666666
ppTG1,GLFKALLKLLKSLWKLLLKA,Translocation,Translocation,0.9928665209741109,True,20,5.0,0.9500000000000002,0.25,0.6
ppTG20,GLFRALLRLLRSLWRLLLRA,Translocation,Endocytosis,0.18311347908797135,False,20,5.0,0.8,0.25,0.6
LAH4,KKALLALALHHLAHLALHLALALKKA,Translocation,Endocytosis,0.1753952997933537,False,26,4.4,0.9230769230769231,0.15384615384615385,0.6923076923076923
LAH4-L1,KKALLAHALHLLALLALHLAHALKKA,Translocation,Translocation,0.7003511450736513,True,26,4.4,0.9230769230769229,0.15384615384615385,0.6923076923076923
Melittin,GIGAVLKVLTTGLPALISWIKRKRQQ,Translocation,Translocation,0.8342815685866773,True,26,5.0,0.27307692307692305,0.19230769230769232,0.4230769230769231
Cecropin A,KWKLFKKIEKVGQNIRDGIIKAGPAVAVVGQATQIAK,Translocation,Translocation,0.6031856057758347,True,37,6.0,-0.07297297297297288,0.21621621621621623,0.43243243243243246
Magainin 2,GIGKFLHSAKKFGKAFVGEIMNS,Translocation,Endocytosis,0.35764680772675916,False,23,3.1,0.08260869565217388,0.17391304347826086,0.43478260869565216
Mastoparan,INLKALAALAKKIL,Translocation,Translocation,0.8454135755492119,True,14,3.0,1.157142857142857,0.21428571428571427,0.7142857142857143
MastoparanX,INWKGIAAMAKKLL,Translocation,Translocation,0.9367293755295509,True,14,3.0,0.5285714285714285,0.21428571428571427,0.5714285714285714
Protegrin-1,RGGRLCYCRRRFCVCVGR,Translocation,Translocation,0.999995074155949,True,18,6.0,-0.2500000000000001,0.3333333333333333,0.4444444444444444
K-FGF,AAVALLPAVLLALLAP,Translocation,Translocation,0.9997927433956162,True,16,0.0,2.425,0.0,0.875
S413-PV,ALWKTLLKKVLKAPKKKRKV,Translocation,Translocation,0.8144991883915051,True,20,9.0,-0.585,0.45,0.4
pHLIP,AAEQNPIYWARYADWLFTTPLLLLDLALLVDADEGT,Translocation,Translocation,0.8176041154087738,True,36,-5.0,0.28055555555555567,0.027777777777777776,0.4722222222222222
Hel11-7,KLLKLLLKLWKKLLKLLK,Translocation,Translocation,0.5915390699984737,True,18,7.0,0.5444444444444444,0.3888888888888889,0.5555555555555556
Bac7(1-35),RRIRPRPPRLPRPRPRPLPFPRPGPRPIPRPLP,Translocation,Translocation,0.9899848508103181,True,33,11.0,-1.5363636363636364,0.3333333333333333,0.18181818181818182
PR-39,RRRPRPPYLPRPRPPPFFPPRLPPRIPPGFPPRFPPRFP,Translocation,Translocation,0.987320731185358,True,39,10.0,-1.307692307692308,0.2564102564102564,0.20512820512820512
Indolicidin,ILPWKWPWWPWRR,Translocation,Endocytosis,0.3995872307595994,False,13,3.0,-1.0692307692307692,0.23076923076923078,0.15384615384615385
Temporin L,FVQWFSKFLGRIL,Translocation,Translocation,0.5887844207139353,True,13,2.0,0.823076923076923,0.15384615384615385,0.5384615384615384
Dermaseptin S4,ALWMTLLKKVLKAAAKAALNAVLVGANA,Translocation,Translocation,0.9992549946074483,True,28,4.0,1.0321428571428573,0.14285714285714285,0.6785714285714286
Apidaecin,GNNRPVYIPQPRPPHPRI,Translocation,Translocation,0.8753516828322923,True,18,3.1,-1.4055555555555557,0.16666666666666666,0.16666666666666666
Drosocin,GKPRPYSPRPTSHPRPIRV,Translocation,Translocation,0.9994387362625037,True,19,5.1,-1.5789473684210529,0.2631578947368421,0.10526315789473684
Pyrrhocoricin,VDKGSYLPRPTPPRPIYNRN,Translocation,Translocation,0.9912045673124659,True,20,3.0,-1.395,0.2,0.15
Tat-NLS,GRKKRRQRRRPPQPKKKRKV,Endocytosis,Endocytosis,0.008510236575095937,True,20,13.0,-3.1449999999999996,0.65,0.05
R6,RRRRRR,Endocytosis,Endocytosis,0.0031628227181287926,True,6,6.0,-4.5,1.0,0.0
R11,RRRRRRRRRRR,Endocytosis,Endocytosis,0.0024603093173726186,True,11,11.0,-4.5,1.0,0.0
R15,RRRRRRRRRRRRRRR,Endocytosis,Endocytosis,0.002637963651324129,True,15,15.0,-4.5,1.0,0.0
K8,KKKKKKKK,Endocytosis,Endocytosis,0.016480171791931023,True,8,8.0,-3.9,1.0,0.0
K9,KKKKKKKKK,Endocytosis,Endocytosis,0.01290282210908977,True,9,9.0,-3.9000000000000004,1.0,0.0
RW9,RRWWRRWRR,Endocytosis,Endocytosis,0.009897621845935244,True,9,6.0,-3.3000000000000003,0.6666666666666666,0.0
(RW)4,RWRWRWRW,Endocytosis,Endocytosis,0.0014393071609999286,True,8,4.0,-2.7,0.5,0.0
(RW)5,RWRWRWRWRW,Endocytosis,Endocytosis,0.001648970249456155,True,10,5.0,-2.7,0.5,0.0
(KW)4,KWKWKWKW,Endocytosis,Translocation,0.9999452351189514,False,8,4.0,-2.4,0.5,0.0
NLS,PKKKRKV,Endocytosis,Endocytosis,0.10178649428692231,True,7,5.0,-2.5,0.7142857142857143,0.14285714285714285
SV40-NLS,PKKKRKVEDP,Endocytosis,Endocytosis,0.05491674879743378,True,10,3.0,-2.6100000000000003,0.5,0.1
nucleoplasmin-NLS,KRPAATKKAGQAKKKK,Endocytosis,Endocytosis,0.0690674116378737,True,16,8.0,-1.9249999999999998,0.5,0.25
PEP-1-cysteamine,KETWWETWWTEWSQPKKRKVC,Translocation,Endocytosis,0.004688888133817865,False,21,2.0,-1.733333333333333,0.23809523809523808,0.09523809523809523
Hel-11-7-1,KLLKLLLKLWKKLLKLLKC,Translocation,Translocation,0.8649537693920683,True,19,7.0,0.6473684210526315,0.3684210526315789,0.5789473684210527
PPTG1-cysteamine,GLFKALLKLLKSLWKLLLKAC,Translocation,Translocation,0.9872413517580849,True,21,5.0,1.023809523809524,0.23809523809523808,0.6190476190476191
HA2-fusion,GLFGAIAGFIENGWEGMIDG,Translocation,Endocytosis,0.009824964749601676,False,20,-3.0,0.555,0.0,0.45
INF7,GLFEAIEGFIENGWEGMIDGWYG,Translocation,Endocytosis,0.10784914306630636,False,23,-5.0,0.004347826086956589,0.0,0.34782608695652173
E5,GLFEAIAEFIEGGWEGLIEGC,Translocation,Translocation,0.9999197290177175,True,21,-5.0,0.5904761904761905,0.0,0.47619047619047616
E5-TAT,GLFEAIAEFIEGGWEGLIEGCYGRKKRRQRRR,Translocation,Translocation,0.9460054355778524,True,32,3.0,-0.8625,0.25,0.3125
CM18,KWKLFKKIGAVLKVLTTG,Translocation,Translocation,0.9782929243719682,True,18,5.0,0.35,0.2777777777777778,0.4444444444444444
Aurein-1.2,GLFDIIKKIAESF,Translocation,Translocation,0.9929277535670162,True,13,0.0,0.6692307692307693,0.15384615384615385,0.5384615384615384
Citropin-1.1,GLFDVIKKVASVIGGL,Translocation,Translocation,0.9993992536808715,True,16,1.0,1.28125,0.125,0.5625
Maculatin-1.1,GLFGVLAKVAAHVVPAIAEHF,Translocation,Translocation,0.9999488684831996,True,21,0.2000000000000001,1.3,0.047619047619047616,0.6666666666666666
Caerin-1.1,GLLSVLGSVAKHVLPHVVPVIAEHL,Translocation,Translocation,0.921924146182973,True,25,0.3000000000000001,1.1880000000000002,0.04,0.56
LL-37,LLGDFFRKSKEKIGKEFKRIVQRIKDFLRNLVPRTES,Translocation,Translocation,0.9279744209084102,True,37,6.0,-0.7243243243243245,0.2972972972972973,0.35135135135135137
BMAP-27,GRFKRFRKKFKKLFKKLSPVIPLLHLG,Translocation,Translocation,0.9964372727305396,True,27,10.1,-0.3666666666666668,0.37037037037037035,0.4074074074074074
BMAP-28,GGLRSLGRKILRAWKKYGPIIVPIIRIG,Translocation,Translocation,0.5994751702586835,True,28,7.0,0.23214285714285707,0.25,0.39285714285714285
TAT-PTD4,YARAAARQARA,Endocytosis,Translocation,0.6870035220672359,False,11,3.0,-0.6818181818181819,0.2727272727272727,0.5454545454545454
TAT(47-57),YGRKKRRQRRR,Endocytosis,Endocytosis,0.0012962101705923034,True,11,8.0,-3.6363636363636362,0.7272727272727273,0.0
rTAT,RRRQRRKKRGY,Endocytosis,Endocytosis,6.570071938648526e-07,True,11,8.0,-3.636363636363636,0.7272727272727273,0.0
TAT-DRBD,RKKRRQRRRYGRKKRRQRRR,Endocytosis,Endocytosis,0.00014763219642328554,True,20,16.0,-3.915,0.8,0.0
W/R-Pen,RRWRRWWRRWWRRWRR,Endocytosis,Endocytosis,0.0072630909544335555,True,16,10.0,-3.1500000000000004,0.625,0.0
Pen2W2F,RQIKIFFQNRRMKFKK,Endocytosis,Translocation,0.8028005066859084,False,16,7.0,-1.26875,0.4375,0.375
Tat-R,GRRRRRRRRRPPQ,Endocytosis,Endocytosis,0.03290019934090753,True,13,9.0,-3.661538461538462,0.6923076923076923,0.0
sC18,GLRKRLRKFRNKIKEK,Endocytosis,Endocytosis,0.1981279493721728,True,16,8.0,-1.875,0.5625,0.25
PF14,AGYLLGKLLLAAAALLL,Endocytosis,Endocytosis,0.026290635213132293,True,17,1.0,1.964705882352941,0.058823529411764705,0.7647058823529411
NF51,AGYLLGINLKALAALAKKIL,Endocytosis,Endocytosis,0.1021680922712066,True,20,3.0,1.1750000000000003,0.15,0.65
NF55,AGYLLGKINLKPLAALAKKIL,Endocytosis,Endocytosis,0.05204418846572755,True,21,4.0,0.7714285714285714,0.19047619047619047,0.5714285714285714
CADY-K,GLWRALWRLLRSLWRLLWKA,Endocytosis,Endocytosis,0.05025386934033108,True,20,5.0,0.175,0.25,0.45
WRAP1,LLWRLWRLLWRLWRLL,Endocytosis,Endocytosis,0.0036851720708226472,True,16,4.0,0.5499999999999998,0.25,0.5
WRAP5,LLRLLRWWWRLLRLL,Endocytosis,Translocation,0.5333172089238584,False,15,4.0,0.6466666666666666,0.26666666666666666,0.5333333333333333
DPV3,RKKRRRESRKKRRRES,Endocytosis,Endocytosis,0.0004242988696152344,True,16,10.0,-3.7625,0.75,0.0
DPV6,GRPRESGKKRKRKRLKP,Endocytosis,Endocytosis,0.027339950037384608,True,17,9.0,-2.7352941176470593,0.5882352941176471,0.058823529411764705
DPV7,GKRKKKGKLGKKRDP,Endocytosis,Endocytosis,0.1506108373620149,True,15,8.0,-2.586666666666666,0.6,0.06666666666666667
DPV7b,GKRKKKGKLGKKRPRSR,Endocytosis,Endocytosis,0.024752464434452455,True,17,11.0,-2.6529411764705877,0.6470588235294118,0.058823529411764705
DPV1047,VKRGLKLRHVRPRVTRMDV,Endocytosis,Translocation,0.6025647133575508,False,19,6.1,-0.7052631578947369,0.3684210526315789,0.3684210526315789
MPG-alpha,GALFLAFLAAALSLMGLWSQPKKKRKV,Endocytosis,Translocation,0.5395513291919838,False,27,5.0,0.5555555555555556,0.18518518518518517,0.5555555555555556
MPG-beta,GALFLGFLGAAGSTMGAWSQPKSKRKV,Endocytosis,Endocytosis,0.020120487807015,True,27,4.0,0.11111111111111109,0.14814814814814814,0.4074074074074074
KALA,WEAKLAKALAKALAKHLAKALAKALKA,Endocytosis,Translocation,0.9978140118029614,False,27,6.1,0.28518518518518504,0.25925925925925924,0.6296296296296297
C105Y,CSIPPEVKFNKPFVYLI,Endocytosis,Translocation,0.9964647585773507,False,17,1.0,0.44705882352941173,0.11764705882352941,0.47058823529411764
Pep-7,SDLWEMMMVSLACQY,Endocytosis,Translocation,0.788983860535497,False,15,-2.0,0.5000000000000001,0.0,0.5333333333333333
YTA2,YTAIAWVKAFIRKLRK,Endocytosis,Endocytosis,0.01866630882656153,True,16,5.0,0.09999999999999998,0.3125,0.5
YTA4,IAWVKAFIRKLRKGPLG,Endocytosis,Endocytosis,0.056160177847881694,True,17,5.0,0.18823529411764706,0.29411764705882354,0.47058823529411764
GALA-INF,WEAALAEALAEALAEHLAEALAEALEALA,Translocation,Translocation,0.9865452695155067,True,29,-6.9,0.7379310344827585,0.0,0.6896551724137931
diINF-7,GLFEAIEGFIENGWEGMIDGWYGGLFEAIEGFIENGWEGMIDGWYG,Translocation,Endocytosis,0.18505996498391172,False,46,-10.0,0.004347826086956567,0.0,0.34782608695652173
E5-TAT,GLFEAIAEFIEGGWEGLIEG,Translocation,Translocation,0.9969447946021923,True,20,-5.0,0.495,0.0,0.45
E5CA-TAT,GLFEAIAEFIEGGWEGLIEGCA,Translocation,Translocation,0.9999029571780836,True,22,-5.0,0.6454545454545455,0.0,0.5
Buforin I,AGRGKQGGKVRAKAKTRSS,Translocation,Translocation,0.9263559496516957,True,19,7.0,-1.4157894736842105,0.3684210526315789,0.21052631578947367
Parasin I,KGRGKQGGKVRAKAKTRSS,Translocation,Translocation,0.9900576615401934,True,19,8.0,-1.7157894736842105,0.42105263157894735,0.15789473684210525
Pleurocidin,GWGSFFKKAAHVGKHVGKAALTHYL,Translocation,Endocytosis,0.45650454584689487,False,25,4.3,-0.06800000000000005,0.16,0.4
Dermaseptin B2,GLWSKIKEVGKEAAKAAAKAAGKAALGAVSEAV,Translocation,Translocation,0.6312003884741346,True,33,3.0,0.196969696969697,0.18181818181818182,0.5151515151515151
Phylloseptin-1,FLSLIPHAINAVSAIAKHN,Translocation,Translocation,0.9830848590343333,True,19,1.2,0.7789473684210528,0.05263157894736842,0.5789473684210527
Ranatuerin-2P,GLMDTVKNVAKNLAGHMLDKLKCKITGC,Translocation,Endocytosis,0.4407185805057754,False,28,3.1,0.04285714285714288,0.17857142857142858,0.4642857142857143
Mastoparan-7,INLKAKAALAKKLL,Translocation,Translocation,0.9732025102162891,True,14,4.0,0.557142857142857,0.2857142857142857,0.6428571428571429
Mastoparan-17,INLKAIAALAKKLL,Translocation,Translocation,0.9821972739018039,True,14,3.0,1.1571428571428573,0.21428571428571427,0.7142857142857143
Anoplin,GLLKRIKTLL,Translocation,Translocation,0.9997568521532338,True,10,3.0,0.63,0.3,0.5
Crabrolin,FLPLILRKIVTAL,Translocation,Translocation,0.9813413223107977,True,13,2.0,1.7153846153846155,0.15384615384615385,0.6923076923076923
Decoralin,SLLSLIRKLIT,Translocation,Translocation,0.9902220137496146,True,11,2.0,1.2272727272727273,0.18181818181818182,0.5454545454545454
Eumenitin,LNLKGIFKKVASLLT,Translocation,Translocation,0.9995484319867528,True,15,3.0,0.7600000000000001,0.2,0.5333333333333333
KLA,KLAKKLAKLAKKLAKLAK,Translocation,Translocation,0.9885075804033909,True,18,8.0,-0.1777777777777777,0.4444444444444444,0.5555555555555556
MAP10,KLALKLALKALKAAL,Translocation,Translocation,0.6251819811339882,True,15,4.0,1.0799999999999998,0.26666666666666666,0.7333333333333333
MAP12,KLALKLALKALKAALK,Translocation,Translocation,0.5435734141866849,True,16,5.0,0.76875,0.3125,0.6875
MAP17,KLALKALKALKALKAA,Translocation,Translocation,0.5540862852517557,True,16,5.0,0.64375,0.3125,0.6875
pHLIP-1,AEQNPIYWARYADWLFTTPLLLLDLALLV,Translocation,Translocation,0.9998233613347015,True,29,-2.0,0.6241379310344828,0.034482758620689655,0.5172413793103449
pHLIP-4,ACDDQNPWRAYLDLLFPTDTLLLDLLW,Translocation,Translocation,0.9890238340898738,True,27,-4.0,0.0962962962962962,0.037037037037037035,0.4444444444444444
Kaposi-FGF,AAVLLPVLLAAP,Translocation,Translocation,0.9992001243537576,True,12,0.0,2.3,0.0,0.8333333333333334
HSV-VP22,NAATATRGRSAASRPTERPRAPARSAS,Translocation,Translocation,0.837870281467935,True,27,5.0,-1.1148148148148147,0.2222222222222222,0.2962962962962963
PreS2-TLM,PLSSIFSRIGDPALN,Translocation,Endocytosis,0.04289129995170298,False,15,0.0,0.24666666666666662,0.06666666666666667,0.4
Bac5,RFRPPIRRPPIRPPFYPPFRPPIRPPIFPPIRPPFRPPLGPFP,Translocation,Translocation,0.9979874589417597,True,43,9.0,-0.7232558139534885,0.20930232558139536,0.27906976744186046
Bac7(1-23),RRIRPRPPRLPRPRPRPLPFPRP,Translocation,Translocation,0.9366610895854218,True,23,9.0,-1.8086956521739135,0.391304347826087,0.17391304347826086
PR-39(1-22),RRRPRPPYLPRPRPPPFFPPRL,Translocation,Translocation,0.938520404676053,True,22,7.0,-1.6181818181818182,0.3181818181818182,0.18181818181818182
Oncocin,VDKPPYLPRPRPPRRIYNR,Translocation,Translocation,0.9716447746067399,True,19,5.0,-1.7421052631578948,0.3157894736842105,0.15789473684210525
Metalnikowin I,VDKPDYRPRPRPPNM,Translocation,Translocation,0.6815656239797577,True,15,2.0,-2.0733333333333333,0.26666666666666666,0.13333333333333333
EB1,LIRLWSHLIHIWFQNRRLKWKKK,Translocation,Endocytosis,0.4400334295495679,False,23,7.2,-0.6304347826086957,0.30434782608695654,0.34782608695652173
PasR8,FFLIPKGRRRRRRRRR,Translocation,Endocytosis,0.4255480295066837,False,16,10.0,-2.03125,0.625,0.25
pAnt(43-68),RKRQIKIWFQNRRMKWKKAAQAAKKDP,Translocation,Endocytosis,0.0022572441051934714,False,27,10.0,-1.6777777777777776,0.4074074074074074,0.2962962962962963
