name,sequence,true_mechanism,predicted_mechanism,probability_translocation,correct,length,charge,hydrophobicity,basic_ratio,hydrophobic_ratio
pAnt(43-68),RKRQIKIWFQNRRMKWKKAAQAAKKDP,Translocation,Endocytosis,0.0022572441051934714,False,27,10.0,-1.6777777777777776,0.4074074074074074,0.2962962962962963
PEP-1-cysteamine,KETWWETWWTEWSQPKKRKVC,Translocation,Endocytosis,0.004688888133817865,False,21,2.0,-1.733333333333333,0.23809523809523808,0.09523809523809523
HA2-fusion,GLFGAIAGFIENGWEGMIDG,Translocation,Endocytosis,0.009824964749601676,False,20,-3.0,0.555,0.0,0.45
PreS2-TLM,PLSSIFSRIGDPALN,Translocation,Endocytosis,0.04289129995170298,False,15,0.0,0.24666666666666662,0.06666666666666667,0.4
INF7,GLFEAIEGFIENGWEGMIDGWYG,Translocation,Endocytosis,0.10784914306630636,False,23,-5.0,0.004347826086956589,0.0,0.34782608695652173
LAH4,KKALLALALHHLAHLALHLALALKKA,Translocation,Endocytosis,0.1753952997933537,False,26,4.4,0.9230769230769231,0.15384615384615385,0.6923076923076923
ppTG20,GLFRALLRLLRSLWRLLLRA,Translocation,Endocytosis,0.18311347908797135,False,20,5.0,0.8,0.25,0.6
diINF-7,GLFEAIEGFIENGWEGMIDGWYGGLFEAIEGFIENGWEGMIDGWYG,Translocation,Endocytosis,0.18505996498391172,False,46,-10.0,0.004347826086956567,0.0,0.34782608695652173
KALA,WEAKLAKALAKALAKHLAKALAKALKACEA,Translocation,Endocytosis,0.19845697739871956,False,30,5.1,0.2833333333333332,0.23333333333333334,0.6333333333333333
Magainin 2,GIGKFLHSAKKFGKAFVGEIMNS,Translocation,Endocytosis,0.35764680772675916,False,23,3.1,0.08260869565217388,0.17391304347826086,0.43478260869565216
Indolicidin,ILPWKWPWWPWRR,Translocation,Endocytosis,0.3995872307595994,False,13,3.0,-1.0692307692307692,0.23076923076923078,0.15384615384615385
PasR8,FFLIPKGRRRRRRRRR,Translocation,Endocytosis,0.4255480295066837,False,16,10.0,-2.03125,0.625,0.25
EB1,LIRLWSHLIHIWFQNRRLKWKKK,Translocation,Endocytosis,0.4400334295495679,False,23,7.2,-0.6304347826086957,0.30434782608695654,0.34782608695652173
Ranatuerin-2P,GLMDTVKNVAKNLAGHMLDKLKCKITGC,Translocation,Endocytosis,0.4407185805057754,False,28,3.1,0.04285714285714288,0.17857142857142858,0.4642857142857143
Pleurocidin,GWGSFFKKAAHVGKHVGKAALTHYL,Translocation,Endocytosis,0.45650454584689487,False,25,4.3,-0.06800000000000005,0.16,0.4
WRAP5,LLRLLRWWWRLLRLL,Endocytosis,Translocation,0.5333172089238584,False,15,4.0,0.6466666666666666,0.26666666666666666,0.5333333333333333
MPG-alpha,GALFLAFLAAALSLMGLWSQPKKKRKV,Endocytosis,Translocation,0.5395513291919838,False,27,5.0,0.5555555555555556,0.18518518518518517,0.5555555555555556
DPV1047,VKRGLKLRHVRPRVTRMDV,Endocytosis,Translocation,0.6025647133575508,False,19,6.1,-0.7052631578947369,0.3684210526315789,0.3684210526315789
Transportan,GWTLNSAGYLLGKINLKALAALAKKIL,Endocytosis,Translocation,0.6645356530679275,False,27,4.0,0.6333333333333333,0.14814814814814814,0.5185185185185185
VP22,DAATATRGRSAASRPTERPRAPARSASRPRRPVE,Endocytosis,Translocation,0.686678624816,False,34,6.0,-1.3558823529411763,0.2647058823529412,0.2647058823529412
TAT-PTD4,YARAAARQARA,Endocytosis,Translocation,0.6870035220672359,False,11,3.0,-0.6818181818181819,0.2727272727272727,0.5454545454545454
M918,MVTVLFRRLRIRRACGPPRVRV,Endocytosis,Translocation,0.7667907313543992,False,22,7.0,0.09545454545454533,0.3181818181818182,0.5
Pep-7,SDLWEMMMVSLACQY,Endocytosis,Translocation,0.788983860535497,False,15,-2.0,0.5000000000000001,0.0,0.5333333333333333
Pen2W2F,RQIKIFFQNRRMKFKK,Endocytosis,Translocation,0.8028005066859084,False,16,7.0,-1.26875,0.4375,0.375
TAT-HA2,RRRQRRKKRGLFGAIAGFIENGWEGMIDG,Endocytosis,Translocation,0.8877077613979649,False,29,5.0,-0.9379310344827585,0.27586206896551724,0.3103448275862069
pISL,RVIRVWFQNKRCKDKK,Endocytosis,Translocation,0.8980408740394391,False,16,6.0,-1.3937499999999998,0.4375,0.3125
Pep-1,KETWWETWWTEWSQPKKKRKV,Endocytosis,Translocation,0.9329250590186607,False,21,3.0,-2.0380952380952375,0.2857142857142857,0.047619047619047616
hCT(9-32),LGTYTQDFNKFHTFPQTAIGVGAP,Endocytosis,Translocation,0.937217664920423,False,24,0.1,-0.21250000000000002,0.041666666666666664,0.3333333333333333
MAP,KLALKLALKALKAALKLA,Endocytosis,Translocation,0.9930527303859714,False,18,5.0,0.9944444444444446,0.2777777777777778,0.7222222222222222
PreS2,PLSSIFSRIGDP,Endocytosis,Translocation,0.9958723316703552,False,12,0.0,0.13333333333333328,0.08333333333333333,0.3333333333333333
C105Y,CSIPPEVKFNKPFVYLI,Endocytosis,Translocation,0.9964647585773507,False,17,1.0,0.44705882352941173,0.11764705882352941,0.47058823529411764
pVEC,LLIILRRRIRKQAHAHSK,Endocytosis,Translocation,0.9976721676937209,False,18,6.199999999999999,-0.44444444444444436,0.3333333333333333,0.4444444444444444
KALA,WEAKLAKALAKALAKHLAKALAKALKA,Endocytosis,Translocation,0.9978140118029614,False,27,6.1,0.28518518518518504,0.25925925925925924,0.6296296296296297
(KW)4,KWKWKWKW,Endocytosis,Translocation,0.9999452351189514,False,8,4.0,-2.4,0.5,0.0
